,id,Tweet,location,time,polarity,subjectivity,opinion
0,1,"Over 11 lakh cases, human trials of Indian experimental vaccine begin, southern states show spike. Track all the ke‚Ä¶ https://t.co/THfKyp6NB4",India,Mon Jul 20 07:26:36 +0000 2020,0.03333333333333333,0.16666666666666666,Positive
1,2,"Now that in some parts of the world the first phase of the Covid-19 seems to be over, the focus is shifting. We can‚Ä¶ https://t.co/TLJhBKyvzo",,Mon Jul 20 06:48:33 +0000 2020,0.25,0.3333333333333333,Positive
2,3,"Avoid Humans, A Web App That Helps Users Avoid Other People Using Foursquare and Instagram Data.

#ux #uxbranding‚Ä¶ https://t.co/xHCcKFwlQK",Z√∫rich,Mon Jul 20 06:40:43 +0000 2020,0.0,0.0,Neutral
3,4,"Join our WEBINAR Wed July 22 9:00 EDT as we dive into data from #COVID19tracker this time on #Uganda, #SouthAfrica‚Ä¶ https://t.co/DGsZB5jgxr","Washington, DC",Mon Jul 20 06:02:00 +0000 2020,0.0,0.0,Neutral
4,5,Covid tracker #covidtracker @ Dunshaughlin https://t.co/erYPtmByz2,"Drumree, Co. Meath, Ireland",Sun Jul 19 17:55:45 +0000 2020,0.0,0.0,Neutral
5,6,Covid tracker #covidtracker @ Dunshaughlin https://t.co/d7OpPB4aiM,"Drumree, Co. Meath, Ireland",Sun Jul 19 17:55:17 +0000 2020,0.0,0.0,Neutral
6,7,"#COVID19Ireland update, 19 July:

25,760 (+10) total cases.

Thankfully, there are no new reported deaths from coro‚Ä¶ https://t.co/hU5rWUu42n",Ireland,Sun Jul 19 17:40:13 +0000 2020,0.06818181818181818,0.6022727272727273,Positive
7,8,"@DHSCgovuk @PHE_uk #Rnumber unchanged at 1.02

https://t.co/2YyKJaIHW1

#coronavirus #coronavirusuk #coronavirusUSA‚Ä¶ https://t.co/qNkCkYi08i",,Sun Jul 19 16:18:23 +0000 2020,0.0,0.0,Neutral
8,9,"Join our WEBINAR Wed July 22 9:00 EDT as we dive into data from #COVID19tracker this time on #Uganda, #SouthAfrica‚Ä¶ https://t.co/V8WZFYpL04","Washington, DC",Sun Jul 19 15:02:00 +0000 2020,0.0,0.0,Neutral
9,10,The COVID Tracker app will help the fight against coronavirus. Play your part in slowing the spread. We‚Äôll protect‚Ä¶ https://t.co/0ikktEyuU3,Ireland,Sun Jul 19 09:30:26 +0000 2020,0.0,0.0,Neutral
10,11,"Great piece with @coddmeister
by @emmetjryan on #covidtracker this weekend in the  business post. I'm also devourin‚Ä¶ https://t.co/Lhh7hSJXc7",Dublin Ireland,Sun Jul 19 09:20:24 +0000 2020,0.8,0.75,Very Positive
11,12,#blacktwitter #CovidTracker I‚Äôm surprised that no one is taking About the new tracker installed on your cell phone https://t.co/I87ByC14Pi,,Sat Jul 18 22:19:34 +0000 2020,0.11818181818181818,0.6772727272727272,Positive
12,13,"Join our WEBINAR Wed July 22 9:00 EDT as we dive into data from #COVID19tracker this time on #Uganda, #SouthAfrica‚Ä¶ https://t.co/FoVS2z1azW","Washington, DC",Sat Jul 18 21:01:00 +0000 2020,0.0,0.0,Neutral
13,14,"Join our WEBINAR Wed July 22 9:00 EDT as we dive into data from #COVID19tracker this time on #Uganda, #SouthAfrica‚Ä¶ https://t.co/Ak2A3I4aZr","Washington, DC",Sat Jul 18 18:01:00 +0000 2020,0.0,0.0,Neutral
14,15,"#COVID19Ireland update, 18 July:

25,750 (+21) total cases.

Sadly, another two people with coronavirus have died.‚Ä¶ https://t.co/gGThHkHzON",Ireland,Sat Jul 18 17:36:11 +0000 2020,-0.25,0.875,Negative
15,16,@nealerichmond @OireachtasNews @HSELive @roinnslainte @merrionstreet Who ever put it together seems to have skipped‚Ä¶ https://t.co/pmSqRVe5z5,"London, United Kingdom ",Sat Jul 18 14:45:36 +0000 2020,0.0,0.0,Neutral
16,17,"#CovidTracker Trend charts showing Date-wise and State-wise #COVID19India spread of the virus. 

https://t.co/tndX9Dd7BG",Pan-India,Sat Jul 18 07:44:10 +0000 2020,0.0,0.0,Neutral
17,18,"Question for anyone using the #CovidTracker app
in Ireland. Anyone else keep getting messages that they don‚Äôt have‚Ä¶ https://t.co/mLe3qqZUM9",Dublin,Sat Jul 18 07:42:10 +0000 2020,0.0,0.0,Neutral
18,19,Covid tracker #covidtracker @ Dunshaughlin https://t.co/Fu1TgllfRC,"Drumree, Co. Meath, Ireland",Sat Jul 18 05:44:02 +0000 2020,0.0,0.0,Neutral
19,20,I forgot to do yesterday üò≠ #ocd #covidtracker @ Dunshaughlin https://t.co/25NsRGLTaZ,"Drumree, Co. Meath, Ireland",Sat Jul 18 05:43:24 +0000 2020,0.0,0.0,Neutral
20,21,"Join our WEBINAR Wed July 22 9:00 EDT as we dive into data from #COVID19tracker this time on #Uganda, #SouthAfrica‚Ä¶ https://t.co/3hhaOw5zP1","Washington, DC",Sat Jul 18 00:01:00 +0000 2020,0.0,0.0,Neutral
21,22,"And you don't think this whole #COVID19 is not likely to be used to infringe on your rights and liberties? 

Sugges‚Ä¶ https://t.co/8qFriUL4CL",The Interwebs ,Fri Jul 17 22:13:54 +0000 2020,0.1,0.7,Positive
22,23,"While we work on appraising and summarizing newer #COVID drug trials, here is an older one looking at‚Ä¶ https://t.co/Tbm7pJrk3o",Canada,Fri Jul 17 21:34:04 +0000 2020,0.16666666666666666,0.3333333333333333,Positive
23,24,Anyone know how to remove the Covid Tracker from a Note 10?  The app is taking all of my mother's data and I'm the‚Ä¶ https://t.co/EsQaZEqSGU,United States,Fri Jul 17 20:14:36 +0000 2020,0.0,0.0,Neutral
24,25,"#COVID19Ireland update, 17 July:

25,730 (+34) total cases.

Sadly, another three people with coronavirus have died‚Ä¶ https://t.co/luq21ufffY",Ireland,Fri Jul 17 17:23:04 +0000 2020,-0.25,0.875,Negative
25,26,The #CovidTracker app will help us to protect each other and slow the spread of #coronavirus #COVID19 in Ireland.‚Ä¶ https://t.co/bI8pYjKBrZ,"Greystones, Ireland",Fri Jul 17 16:00:41 +0000 2020,-0.30000000000000004,0.39999999999999997,Negative
26,27,"Join our WEBINAR Wed July 22 9:00 EDT as we dive into data from #COVID19tracker this time on #Uganda, #SouthAfrica‚Ä¶ https://t.co/rjEQOQqAdE","Washington, DC",Fri Jul 17 15:40:56 +0000 2020,0.0,0.0,Neutral
27,28,What difficulties limit government aid during Covid-19? #Covid19Tracker data shows Rwanda experiences the least dif‚Ä¶ https://t.co/5wZuiKallG,Johannesburg,Fri Jul 17 13:00:02 +0000 2020,-0.3,0.4,Negative
28,29,"India has conducted 13,073,718 tests in India till 17th July 2020.

Tracking ten Indian states/UT's that have condu‚Ä¶ https://t.co/HIyRc1ov7O",India,Fri Jul 17 12:10:23 +0000 2020,0.0,0.0,Neutral
29,30,"The 10 countries that have recorded highest #COVID19 cases in the world. 

India, with 1,009,406 confirmed #COVID19‚Ä¶ https://t.co/FXCpVqY9ru",India,Fri Jul 17 12:08:21 +0000 2020,0.4,1.0,Positive
30,31,"Confirmed #COVID19 cases of top 10 African countries.

#DailyUpdates

For more facts, figures and perspectives from‚Ä¶ https://t.co/PU0vbr2Eee",India,Fri Jul 17 12:06:18 +0000 2020,0.3,0.5,Positive
31,32,"#DailyUpdates 

#COVID19 cases in #Africa  

Region wise confirmed #COVID19 cases in Africa are:

‚ñ∂ #NorthAfrica 13‚Ä¶ https://t.co/BRZjzJxK7A",India,Fri Jul 17 12:05:43 +0000 2020,0.55,0.95,Very Positive
32,33,"Tracking five Indian states that have the most #COVID19 infections.

#CoronaTracker #DailyUpdates‚Ä¶ https://t.co/BZQ2FVsFI6",India,Fri Jul 17 12:04:12 +0000 2020,0.0,0.0,Neutral
33,34,"Confirmed #COVID19 cases in the Indian subcontinent.

#DailyUpdates

For more compelling facts, figures and perspec‚Ä¶ https://t.co/x6jP5P4CvD",India,Fri Jul 17 12:03:06 +0000 2020,0.35,0.8,Positive
34,35,I‚Äôm guessing the #CovidTracker is only asking about my COVID symptoms and not a certain dodginess due to last night‚Ä¶ https://t.co/MQ6hpn5i9K,"Dublin City, Ireland",Fri Jul 17 11:39:29 +0000 2020,0.029761904761904757,0.33769841269841266,Positive
35,36,"#DailyUpdate

‚û™ #COVID19: Doubling time of confirmed and deceased cases in India (5 day moving average)

‚û™ #COVID19‚Ä¶ https://t.co/fHq4HvyjnS",India,Fri Jul 17 11:16:28 +0000 2020,0.125,0.7,Positive
36,37,"#DailyUpdate

‚û™ Total number of cases in the Indian region since the 1000th case

‚û™ Trend of India #COVID19 Deaths‚Ä¶ https://t.co/Suwdbt1DJH",India,Fri Jul 17 11:14:58 +0000 2020,0.0,0.75,Neutral
37,38,"#DailyUpdate
‚û™ COVID testing: Positivity rate of infections

‚û™ COVID death rate: Ratio of Total Deaths to Overall C‚Ä¶ https://t.co/TBVR1LP4rp",India,Fri Jul 17 11:13:49 +0000 2020,0.0,0.375,Neutral
38,39,"While food remains generally available, farmers are reporting difficulties in selling and transporting their produc‚Ä¶ https://t.co/HCDx0Xy4q9","Nairobi, Kenya",Fri Jul 17 10:08:08 +0000 2020,0.4,0.4,Positive
39,40,Link to a cross-country comparison on #COVID19tracker with early insights into how #COVID19 is affecting African co‚Ä¶ https://t.co/dFSpAWumJv,"Kampala, Uganda",Fri Jul 17 09:55:51 +0000 2020,0.05,0.15,Positive
40,41,".@IrishDeafSoc and @HSELive have produced Irish Sign Language videos on essential public health information, from f‚Ä¶ https://t.co/Nv77LQ7D95","Westmeath, Ireland",Fri Jul 17 09:49:15 +0000 2020,0.0,0.12222222222222222,Neutral
41,42,"#COVID19tracker provides #data &amp; insights on the impact the pandemic has had on #Health &amp; risk behaviour,‚Ä¶ https://t.co/B8vG0IEAoZ","Kampala, Uganda",Fri Jul 17 09:39:32 +0000 2020,0.0,0.0,Neutral
42,43,"The COVID Tracker will help in the fight
against coronavirus. Stay safe. Protect
each other. Download the COVID
Tra‚Ä¶ https://t.co/Dut51cALaU","Dublin, Cork & Limerick & Online",Fri Jul 17 08:32:00 +0000 2020,0.5,0.5,Positive
43,44,"#DailyUpdates #IndiaFightsCoronavirus  

Visit ORF's #COVIDTracker: https://t.co/GhpmKnVzxf

State-wise distributio‚Ä¶ https://t.co/D9oRGl1Qf1",India,Fri Jul 17 07:42:07 +0000 2020,0.0,0.0,Neutral
44,45,"How I Built Simple Covid-19 Tracker App With React JS? 
#react #reactjs #webdevelopment #webdev #webdeveloper‚Ä¶ https://t.co/wPZWr4SzDE",Nepal,Fri Jul 17 07:12:11 +0000 2020,0.0,0.35714285714285715,Neutral
45,46,"Miami continues to outperform New York on mask wearing scores in the month of July!!
Check out at‚Ä¶ https://t.co/ibbWccYcNQ","New York, USA",Fri Jul 17 06:58:41 +0000 2020,0.13636363636363635,0.45454545454545453,Positive
46,47,"#CoronavirusUpdates: More than 10 lakh cases in India, Oxford University vaccine gives hope, US records 70,000 case‚Ä¶ https://t.co/3mWkFJpH8d",India,Fri Jul 17 06:56:37 +0000 2020,0.0,0.0,Neutral
47,48,"I downloaded #CovidTracker app. Worked about 60% of the time. Unfortunately, when I opened it this week, I was aske‚Ä¶ https://t.co/FODbTvUBIy",New Zealand,Fri Jul 17 06:15:39 +0000 2020,-0.5,1.0,Negative
48,49,"How to create your own facebook avatar sticker
#blog #bloggerswanted #BounceBackSaLazada #avatar #challenge‚Ä¶ https://t.co/JEzZEwiOcw",,Fri Jul 17 05:07:52 +0000 2020,0.0,0.0,Neutral
49,50,"FACEBOOK AVATAR STICKER
CHECK-OUT NOW
#blog
#bloggerswanted
#challenge
#BounceBackSaLazada
#avatar
#CovidTracker‚Ä¶ https://t.co/np6YcgCWeM",,Fri Jul 17 04:58:05 +0000 2020,0.0,0.0,Neutral
50,51,"Thanks for 1 Million Guys 
- COVID

#CovidTracker","Jodhpur, India",Fri Jul 17 04:40:11 +0000 2020,0.2,0.2,Positive
51,52,"IF you were unaware and IF you care this update to your phone is real. 

My concern is what happens if/when there a‚Ä¶ https://t.co/8OyznYkRVx",Quarantine Zone 9,Fri Jul 17 00:48:54 +0000 2020,0.1,0.4,Positive
52,53,"I keep saying DON‚ÄôT TAKE ROUND ONE!! Haven‚Äôt you seen I Am Legend??? Holy crap, don‚Äôt do it!! #NoVaccineForMe‚Ä¶ https://t.co/WqN6QKRYw7","Colorado, USA",Thu Jul 16 23:40:14 +0000 2020,-0.5,0.6000000000000001,Negative
53,54,Track #COVID-19 clinical trials in real time. @scientist_com‚Äôs Trial Insights is the industry‚Äôs first digital repor‚Ä¶ https://t.co/SBav69MEy9,San Diego,Thu Jul 16 23:28:13 +0000 2020,0.15,0.2111111111111111,Positive
54,55,@UBALTIMORE students create a #COVID19 Information and Tracker mobile app as part of the University System of Maryl‚Ä¶ https://t.co/kSm3e3EDND,"Prince George's County Md., US",Thu Jul 16 23:12:59 +0000 2020,0.0,0.0,Neutral
55,56,"Look, I‚Äôm not a Covid denier, but, you have to admit, this is a pretty stupid way of keeping statistics... #COVID19‚Ä¶ https://t.co/3K1nFxbwKy","Denver, CO",Thu Jul 16 22:50:01 +0000 2020,-0.27499999999999997,1.0,Negative
56,57,@GovAbbott @leachfortexas @VanTaylorTX @JohnCornyn @SenTedCruz people who are sick with #COVID19 won‚Äôt boost the ec‚Ä¶ https://t.co/ELXp26x7j8,,Thu Jul 16 22:18:41 +0000 2020,-0.7142857142857143,0.8571428571428571,Very Negative
57,58,@Apple  i don‚Äôt appreciate you guys adding a Covid-19 tracker on my phone without my permission... i need ya to rem‚Ä¶ https://t.co/qUb7q4xwvK,,Thu Jul 16 21:26:13 +0000 2020,0.0,0.0,Neutral
58,59,"So I do not know about iPhones, but check this out. Saw this post on IG. Did you know you had a Covid tracker added‚Ä¶ https://t.co/GxkjlTqe1x",,Thu Jul 16 21:11:33 +0000 2020,0.0,0.0,Neutral
59,60,"An excellent article by @ciaraobrien on the making of Ireland's #CovidTracker app. 

Fair play to @NearForm for pul‚Ä¶ https://t.co/AZxzS0kRGf",Ireland,Thu Jul 16 20:57:43 +0000 2020,0.85,0.95,Very Positive
60,61,"Even when #Americans seem stupid, they are still sound more #Intelligence than #Indian as can be inferred from‚Ä¶ https://t.co/89FZZcRAvm",Delhi,Thu Jul 16 20:04:48 +0000 2020,-0.19999999999999996,0.7,Negative
61,62,"Out of View: After Public Outcry, #CDC Adds Hospital Data Back to Its Website ‚Äî for Now

https://t.co/OBmY39J7eF

#CovidTracker
#COVID19","California, USA",Thu Jul 16 20:04:30 +0000 2020,0.0,0.03333333333333333,Neutral
62,63,"Thread cont..from 1/1
West Bengal: 1690
Haryana: 696
Karnataka: 4169 
bangalore :2344
Telangana:1483
J&amp;k:490
Bihar:‚Ä¶ https://t.co/xf6PEIMeUK",,Thu Jul 16 18:36:40 +0000 2020,0.0,0.0,Neutral
63,64,"#COVID19Ireland update, 16 July:

25,698 (+21) total cases.

Sadly, another person with coronavirus has died. The d‚Ä¶ https://t.co/GKQMYsGWJ6",Ireland,Thu Jul 16 18:23:31 +0000 2020,-0.25,0.875,Negative
64,65,A group of @ubaltmain students created a COVID-19 Information and Tracker mobile app as part of the @Univ_System_MD‚Ä¶ https://t.co/zDGGiuPZcs,"Prince George's County Md., US",Thu Jul 16 18:13:10 +0000 2020,0.0,0.0,Neutral
65,66,The #CovidTracker app will help us to protect each other and slow the spread of #coronavirus #COVID19 in Ireland.‚Ä¶ https://t.co/6t49mqY5YJ,"Greystones, Ireland",Thu Jul 16 16:30:24 +0000 2020,-0.30000000000000004,0.39999999999999997,Negative
66,67,Covid tracker #covidtracker @ Dunshaughlin https://t.co/zPuxjLnYNM,"Drumree, Co. Meath, Ireland",Thu Jul 16 16:16:05 +0000 2020,0.0,0.0,Neutral
67,68,Covid tracker #covidtracker @ Dunshaughlin https://t.co/n4x2AwVqcf,"Drumree, Co. Meath, Ireland",Thu Jul 16 16:15:33 +0000 2020,0.0,0.0,Neutral
68,69,"#DailyUpdate

‚û™ Total number of cases in the Indian region since the 1000th case

‚û™ #COVID19: Test per million popu‚Ä¶ https://t.co/lSUy6ZhmGn",India,Thu Jul 16 13:25:43 +0000 2020,0.0,0.75,Neutral
69,70,"#DailyUpdate
‚û™ #COVID19 tests per mn vs deaths per mn (Top 10 African countries)

‚û™ #COVID19 tests per mn vs deaths‚Ä¶ https://t.co/4JGLnjFAZj",India,Thu Jul 16 13:23:39 +0000 2020,0.25,0.25,Positive
70,71,"#DailyUpdate
‚û™ COVID testing: Positivity rate of infections

‚û™ COVID death rate: Ratio of Total Deaths to Overall C‚Ä¶ https://t.co/M0SppOXtuT",India,Thu Jul 16 13:22:51 +0000 2020,0.0,0.375,Neutral
71,72,"As per CMS Memorandum ""All LTC staff (including volunteers/vendors who are in on a weekly basis) to receive a singl‚Ä¶ https://t.co/gdPRIh5qRK","Brick, NJ",Thu Jul 16 13:03:04 +0000 2020,0.0,0.0,Neutral
72,73,Discover how a diverse team of dedicated experts came together to build one of the world's most successful contact‚Ä¶ https://t.co/lPbpWqi7Go,"Tramore, Ireland",Thu Jul 16 13:00:24 +0000 2020,0.75,0.95,Very Positive
73,74,How are low-income earners coping during the Covid-19 pandemic as #Covid19Tracker indicates a decrease in incomes f‚Ä¶ https://t.co/KQaoa9IgOc,Johannesburg,Thu Jul 16 13:00:00 +0000 2020,0.0,0.0,Neutral
74,75,"The 10 countries that have recorded highest #COVID19 cases in the world. 

India, with 972,144 confirmed #COVID19 c‚Ä¶ https://t.co/5LKUdKPpb6",India,Thu Jul 16 11:01:03 +0000 2020,0.4,1.0,Positive
75,76,"Confirmed #COVID19 cases of top 10 African countries.

#DailyUpdates

For more facts, figures and perspectives from‚Ä¶ https://t.co/zMk3gcJsrm",India,Thu Jul 16 10:58:53 +0000 2020,0.3,0.5,Positive
76,77,"#DailyUpdates 

#COVID19 cases in #Africa  

Region wise confirmed #COVID19 cases in Africa are:

‚ñ∂ #NorthAfrica 13‚Ä¶ https://t.co/nK9zJ4eMRd",India,Thu Jul 16 10:58:17 +0000 2020,0.55,0.95,Very Positive
77,78,"Tracking five Indian states that have the most #COVID19 infections.

#CoronaTracker #DailyUpdates‚Ä¶ https://t.co/7DhWFctmPT",India,Thu Jul 16 10:56:58 +0000 2020,0.0,0.0,Neutral
78,79,"Confirmed #COVID19 cases in the Indian subcontinent.

#DailyUpdates

For more compelling facts, figures and perspec‚Ä¶ https://t.co/8CciQkrcyk",India,Thu Jul 16 10:56:33 +0000 2020,0.35,0.8,Positive
79,80,All this #CovidTracker says to me is close Dublin ü§îüôàüòÇ https://t.co/j1Kb8G2H6r,"Limerick, Ireland",Thu Jul 16 10:36:00 +0000 2020,0.0,0.0,Neutral
80,81,"According to data, Kenyans are adhering to #coronavirus prevention messages. 89% are washing their hands more, 31%‚Ä¶ https://t.co/ba0Y2MhEWW","Nairobi, Kenya",Thu Jul 16 10:20:00 +0000 2020,0.0,0.0,Neutral
81,82,"Help fight the spread of Covid-19 with HSE Ireland's #CovidTracker app.
Your privacy is protected while you protect‚Ä¶ https://t.co/KHPoP5kT18",Ireland,Thu Jul 16 09:05:05 +0000 2020,0.0,0.0,Neutral
82,83,Getting ready for work so as always my daily temperature check. Good to go for lunch service today @theoldspotdub H‚Ä¶ https://t.co/cq4hDEzXDz,Dublin,Thu Jul 16 08:52:36 +0000 2020,0.3,0.3666666666666667,Positive
83,84,"If your #covidtracker doesn't look like this, then don't come near me https://t.co/YP10P4hkSc","Dublin City, Ireland",Thu Jul 16 08:34:59 +0000 2020,0.1,0.4,Positive
84,85,"Record jump in fresh cases and deaths, Karnataka overtakes Gujarat as fourth worst-hit state, India tally nearing 1‚Ä¶ https://t.co/f0AWVVVu5A",India,Thu Jul 16 07:51:36 +0000 2020,0.15,0.25,Positive
85,86,"#DailyUpdates #IndiaFightsCoronavirus  

Visit ORF's #COVIDTracker: https://t.co/GhpmKnVzxf

State-wise distributio‚Ä¶ https://t.co/Bb6F51ytPk",India,Thu Jul 16 06:04:27 +0000 2020,0.0,0.0,Neutral
86,87,"@realDonaldTrump is doing what he does best, data hacking. Please help support proper CDC reporting. @CDCgov‚Ä¶ https://t.co/FWj07NyJMM","California, USA",Thu Jul 16 02:58:32 +0000 2020,0.5,0.2,Positive
87,88,@abcnews So under Morrisons suppress strategy (aka herd immunity ) we have 289 virus spreaders in Victoria walking‚Ä¶ https://t.co/5dEvnrHQ99,Never Never Land,Thu Jul 16 02:38:19 +0000 2020,0.0,0.0,Neutral
88,89,"Twitter should improve the safety of all account holder. 
Web security and app security must improve, no hacking.‚Ä¶ https://t.co/Kux6tOqa0C",Global ,Thu Jul 16 01:10:36 +0000 2020,0.0,0.0,Neutral
89,90,Covid tracker #covidtracker @ Dunshaughlin https://t.co/9v2YbaInfJ,"Drumree, Co. Meath, Ireland",Wed Jul 15 22:39:29 +0000 2020,0.0,0.0,Neutral
90,91,Covid tracker #covidtracker @ Dunshaughlin https://t.co/iyQhy06g3u,"Drumree, Co. Meath, Ireland",Wed Jul 15 22:39:07 +0000 2020,0.0,0.0,Neutral
91,92,"I‚Äôm going to give the Covid-19 tracing app another go. I‚Äôve moved it to my tray on my iPhone. 
#CovidTracker https://t.co/0BR0cMsVL8","Wellington City, New Zealand",Wed Jul 15 20:43:21 +0000 2020,0.0,0.0,Neutral
92,93,"https://t.co/04MzcIOliQ watch this video 
For mobile phones poco series 
#mobile #Poco #CovidTracker #redmi‚Ä¶ https://t.co/rpv00sLn2P","New Delhi, India",Wed Jul 15 19:28:01 +0000 2020,0.0,0.0,Neutral
93,94,"#COVID19Ireland update, 15 July:

25,683 (+11) total cases.

Sadly, two more people with coronavirus have died. The‚Ä¶ https://t.co/QqLT4ePFrL",Ireland,Wed Jul 15 18:13:28 +0000 2020,-0.25,0.875,Negative
94,95,"So so proud of the @ExpleoGroup
Ireland team! They worked tirelessly to bring a reliable #covidtracker to the Irish‚Ä¶ https://t.co/SUAYScoWWh",Dublin Ireland,Wed Jul 15 17:52:27 +0000 2020,0.4,0.5,Positive
95,96,"Busted!
#COVID19 #florida #CovidTesting #CovidTracker #COVIDTestingScam #hospitals https://t.co/FJS4Vi7UX1",Off the grid,Wed Jul 15 14:19:27 +0000 2020,0.0,0.0,Neutral
96,97,99% feeling good ü§ó üáÆüá™ #CovidTracker #StaySafe #WearAMask #WashYourHands #Ireland https://t.co/qLfRoBrnpO,"Sligo, Ireland",Wed Jul 15 13:43:38 +0000 2020,0.7,0.6000000000000001,Very Positive
97,98,Expert innovators with @ExpleoGroup spent the equivalent of almost 591 working days developing the #COVID19tracker.‚Ä¶ https://t.co/zhsFLBlZLL,"Dublin, Ireland",Wed Jul 15 13:38:11 +0000 2020,-0.1,0.1,Negative
98,99,Expleo is privileged to have been asked by @HSElive to help deliver the #covidtracker app to the Irish population.‚Ä¶ https://t.co/3SOUVnJWSP,Global,Wed Jul 15 13:05:30 +0000 2020,0.0,0.0,Neutral
99,100,"#DailyUpdate

‚û™ Trend of India #COVID19 deaths since the 100th death

‚û™ #COVID19: Tests per million vs case fatalit‚Ä¶ https://t.co/PhrNAfTFBD",India,Wed Jul 15 12:26:35 +0000 2020,0.0,0.0,Neutral
100,101,"#DailyUpdate

‚û™ Total number of cases in the Indian region since the 1000th case

‚û™ #COVID19: Doubling time of conf‚Ä¶ https://t.co/9yQ8QbtPPf",India,Wed Jul 15 12:26:35 +0000 2020,0.0,0.75,Neutral
101,102,"#DailyUpdate
‚û™ COVID testing: Positivity rate of infections

‚û™ COVID death rate: Ratio of Total Deaths to Overall C‚Ä¶ https://t.co/EOEA2rJ2j7",India,Wed Jul 15 12:22:31 +0000 2020,0.0,0.375,Neutral
102,103,"Tracking ten Indian states/UT's that have conducted the most tests per million population 

#DailyUpdates

For more‚Ä¶ https://t.co/jkuZbbSExw",India,Wed Jul 15 12:21:42 +0000 2020,0.0,0.0,Neutral
103,104,"The 10 countries that have recorded highest #COVID19 cases in the world. 

USA, with 3,546,278 confirmed #COVID19 c‚Ä¶ https://t.co/ymT40sjEXA",India,Wed Jul 15 12:19:44 +0000 2020,0.4,1.0,Positive
104,105,"Confirmed #COVID19 cases of top 10 African countries.

#DailyUpdates

For more facts, figures and perspectives from‚Ä¶ https://t.co/42ktXhfGcX",India,Wed Jul 15 12:18:13 +0000 2020,0.3,0.5,Positive
105,106,"#DailyUpdates 

#COVID19 cases in #Africa  

Region wise confirmed #COVID19 cases in Africa are:

‚ñ∂ #NorthAfrica 12‚Ä¶ https://t.co/DaarQKhisr",India,Wed Jul 15 12:17:47 +0000 2020,0.55,0.95,Very Positive
106,107,"Tracking five Indian states that have the most #COVID19 infections.

#CoronaTracker #DailyUpdates‚Ä¶ https://t.co/vwrgrj3xB7",India,Wed Jul 15 12:16:19 +0000 2020,0.0,0.0,Neutral
107,108,"Confirmed #COVID19 cases in the Indian subcontinent.

#DailyUpdates

For more compelling facts, figures and perspec‚Ä¶ https://t.co/BDDIG9QGxz",India,Wed Jul 15 12:15:56 +0000 2020,0.35,0.8,Positive
108,109,The #CovidTracker app will help us to protect each other and slow the spread of #coronavirus #COVID19 in Ireland.‚Ä¶ https://t.co/hxFHLuRne2,"Greystones, Ireland",Wed Jul 15 11:31:06 +0000 2020,-0.30000000000000004,0.39999999999999997,Negative
109,110,"Help fight the spread of Covid-19 with @HSELive‚Äôs #CovidTracker app.

Your privacy is protected while you protect y‚Ä¶ https://t.co/8NOtKohrh2","Westmeath, Ireland",Wed Jul 15 11:07:16 +0000 2020,0.0,0.0,Neutral
110,111,"There are two ways to download the #CovidTracker app

1: Go to https://t.co/nyuuon76Wx on your phone and follow the‚Ä¶ https://t.co/FsJFujGJKm",Sport Ireland Campus,Wed Jul 15 10:53:00 +0000 2020,0.0,0.0,Neutral
111,112,"#WearADamnMask #WearAMask #WearAMaskSaveALife in #Norwich today. Love my @SaintsRugby mask.
#WeAreTheNewsNow‚Ä¶ https://t.co/ejK5caVY0g","East Of England, ",Wed Jul 15 10:11:31 +0000 2020,0.5,0.6,Positive
112,113,Why doesn't the #CovidTracker app in Ireland have a daily notification asking people to check in? It's only as good‚Ä¶ https://t.co/ixxHeZwPvZ,"Dublin, Ireland.",Wed Jul 15 09:51:48 +0000 2020,0.35,0.30000000000000004,Positive
113,114,"Pharmacy Point of sale 
#online #offline #retechnicsolution #islamabadsoftwarehouse #bytetechsolutions #CovidTracker https://t.co/RPGMis2NLq",,Wed Jul 15 07:40:55 +0000 2020,0.0,0.0,Neutral
114,115,"Covid App super easy to use. Could it be that Judith Collins is technologically challenged?

#CovidTracker", NZ,Wed Jul 15 07:16:43 +0000 2020,0.3833333333333333,0.75,Positive
115,116,#COVID19 has devastated the agriculture sector. Studies indicate layoffs have doubled since April (15%) to 30% in l‚Ä¶ https://t.co/NrKRhAFunh,"Nairobi, Kenya",Wed Jul 15 07:06:31 +0000 2020,0.0,0.0,Neutral
116,117,"Nearly 29,500 fresh cases in a day, human trials for experimental COVID-19 vaccine kick off, Bihar gets ready for l‚Ä¶ https://t.co/JFCasiZnob",India,Wed Jul 15 06:39:39 +0000 2020,0.13999999999999999,0.38,Positive
117,118,"#DailyUpdates #IndiaFightsCoronavirus  

Visit ORF's #COVIDTracker: https://t.co/GhpmKnVzxf

State-wise distributio‚Ä¶ https://t.co/hlgHmVenxZ",India,Wed Jul 15 05:55:40 +0000 2020,0.0,0.0,Neutral
118,119,"Follow the money!
Today it‚Äôs Covid, tomorrow their tracking.................?
#Gates #coronavirus #tracing‚Ä¶ https://t.co/HWuduREb12",Off the grid,Wed Jul 15 02:05:11 +0000 2020,0.0,0.0,Neutral
119,120,"Need whatsapp bulk software??
https://t.co/6yXpAvkCqC

#CovidTracker
#business #Analytics #DigitalMarketing‚Ä¶ https://t.co/hbzDFBBS2J",,Tue Jul 14 19:16:07 +0000 2020,0.0,0.0,Neutral
120,121,Get the story behind the creation of Ireland's #COVIDTracker app and see why collaboration was the key to the app's‚Ä¶ https://t.co/kaYF5RnOnF,"Tramore, Ireland",Tue Jul 14 18:29:59 +0000 2020,-0.2,0.85,Negative
121,122,Reporting on percent positive #COVID19 cases skewed way high ...#Covid_19  #Floridacoronavirus #COVID #COVID__19‚Ä¶ https://t.co/arKSAgO9GG,,Tue Jul 14 18:29:41 +0000 2020,0.19363636363636363,0.5427272727272727,Positive
122,123,Reporting on percent positive #COVID19 cases skewed way high ...#Covid_19  #Floridacoronavirus #COVID #COVID__19‚Ä¶ https://t.co/fks3E2jTy6,,Tue Jul 14 18:26:35 +0000 2020,0.19363636363636363,0.5427272727272727,Positive
123,124,"#COVID19Ireland update, 14 July:

25,670 (+32) total cases.

Thankfully, for the third day, no new coronavirus-rela‚Ä¶ https://t.co/lz3Bxa4Ci4",Ireland,Tue Jul 14 18:03:43 +0000 2020,0.04545454545454545,0.40151515151515155,Positive
124,125,Guy in mid 20s rang me today. He inputted new onset symptoms into his  #CovidTracker and rang me immediately to get‚Ä¶ https://t.co/Y05KlqSien,"Dublin City, Ireland",Tue Jul 14 17:55:23 +0000 2020,0.06818181818181818,0.22727272727272727,Positive
125,126,"Anyone think the Fed roadblock is do to lack of kickbacks to Trudeau, and friends? Just what is the relationship Tr‚Ä¶ https://t.co/WWlTiqfGm6","Calgary, Alberta",Tue Jul 14 17:12:10 +0000 2020,0.0,0.0,Neutral
126,127,"Get the latest info about Covid-19 with breaking news, analysis, and interactive maps
https://t.co/juOlUPA5Qz‚Ä¶ https://t.co/DVD67FjTFt",,Tue Jul 14 16:15:42 +0000 2020,0.5,0.9,Positive
127,128,"Have you seen the COVID Tracker app, released recently by the government?

Using the #COVIDTracker app along with t‚Ä¶ https://t.co/WVUSlitAMK",Dub-Cork-Lim-Kil-Ath-Bel,Tue Jul 14 15:01:35 +0000 2020,0.0,0.25,Neutral
128,129,Thinking of Traveling in the U.S.? These States Have Travel Restrictions https://t.co/dOX3pK2fuB #COVID19‚Ä¶ https://t.co/USPmlpqCbP,Manhattan,Tue Jul 14 14:26:47 +0000 2020,0.0,0.0,Neutral
129,130,The news is that India has breached 900000 mark in the number of reported cases of #COVID19 But over 570000 patient‚Ä¶ https://t.co/bTMEZpiUZD,India,Tue Jul 14 14:01:02 +0000 2020,0.0,0.0,Neutral
130,131,"Covid tracker #covidtracker (Remember to login daily, even if you've no symptoms!) @ Dunshaughlin https://t.co/758JHkD8dK","Drumree, Co. Meath, Ireland",Tue Jul 14 13:35:07 +0000 2020,0.0,0.0,Neutral
131,132,"Covid tracker #covidtracker (Remember to login daily, even if you've no symptoms!) @ Dunshaughlin https://t.co/6ApgYt2B3z","Drumree, Co. Meath, Ireland",Tue Jul 14 13:34:44 +0000 2020,0.0,0.0,Neutral
132,133,"Looking for information on the new #CovidTracker app? Find out:

‚û°Ô∏è How it works
‚û°Ô∏è How to download it

at üëâ‚Ä¶ https://t.co/NmuDNbGGRm","Dublin, Ireland",Tue Jul 14 13:01:08 +0000 2020,0.13636363636363635,0.45454545454545453,Positive
133,134,Download the #COVIDTracker app today and #StaySafe https://t.co/tbcLUcX8jj #COVID19 #UnityInOurCommunity https://t.co/OPcldCGBH2,Bray,Tue Jul 14 13:00:37 +0000 2020,0.0,0.0,Neutral
134,135,"@2daydream Our IPhones locked until we did their updates.
The update included
#CovidTRACKER",,Tue Jul 14 12:41:13 +0000 2020,0.0,0.0,Neutral
135,136,"#DailyUpdate
‚û™ #COVID19 tests per mn vs deaths per mn (Top 10 African countries)

‚û™ #COVID19 tests per mn vs deaths‚Ä¶ https://t.co/raAGYvN12o",India,Tue Jul 14 12:36:11 +0000 2020,0.25,0.25,Positive
136,137,"#DailyUpdate

‚û™ Total number of cases in the Indian region since the 1000th case

‚û™ #COVID19 status of states with‚Ä¶ https://t.co/y4pKje31DR",India,Tue Jul 14 12:35:29 +0000 2020,0.0,0.75,Neutral
137,138,"#DailyUpdate
‚û™ COVID testing: Positivity rate of infections

‚û™ COVID death rate: Ratio of Total Deaths to Overall C‚Ä¶ https://t.co/y9D6vym566",India,Tue Jul 14 12:33:34 +0000 2020,0.0,0.375,Neutral
138,139,"Download the #CovidTracker App and help #FlattenTheCurve even more Flexed biceps

For further information please vi‚Ä¶ https://t.co/q52PWMji8p",Ireland,Tue Jul 14 12:10:00 +0000 2020,0.0,0.0,Neutral
139,140,"Tracking five Indian states that have the most #COVID19 infections.

#CoronaTracker #DailyUpdates‚Ä¶ https://t.co/ynRInJXMPw",India,Tue Jul 14 11:51:54 +0000 2020,0.0,0.0,Neutral
140,141,"The 10 countries that have recorded highest #COVID19 cases in the world. 

Brazil, with 1,887,959 cases, remains th‚Ä¶ https://t.co/KbzgjB8314",India,Tue Jul 14 11:51:29 +0000 2020,0.0,0.0,Neutral
141,142,"Confirmed #COVID19 cases of top 10 African countries.

#DailyUpdates

For more facts, figures and perspectives from‚Ä¶ https://t.co/1ecFVhNjhr",India,Tue Jul 14 11:50:57 +0000 2020,0.3,0.5,Positive
142,143,"#DailyUpdates 

#COVID19 cases in #Africa  

Region wise confirmed #COVID19 cases in Africa are:

‚ñ∂ #NorthAfrica 12‚Ä¶ https://t.co/3ADuGz9aHU",India,Tue Jul 14 11:50:17 +0000 2020,0.55,0.95,Very Positive
143,144,"Confirmed #COVID19 cases in the Indian subcontinent.

#DailyUpdates

For more compelling facts, figures and perspec‚Ä¶ https://t.co/rYV5RRyzgh",India,Tue Jul 14 11:49:17 +0000 2020,0.35,0.8,Positive
144,145,"#Covid19Tracker data shows some increases in borrowing with Kenya up from 20% to 26% &amp; South Africa from 3,2% to 5,‚Ä¶ https://t.co/VbpjJOrY07",Johannesburg,Tue Jul 14 11:00:07 +0000 2020,0.0,0.0,Neutral
145,146,#COVID19 has disrupted many livelihoods. Data from https://t.co/lZJTnEXo2y shows 27% of Kenyans are not making any‚Ä¶ https://t.co/KMx0qiC9n5,"Nairobi, Kenya",Tue Jul 14 10:10:03 +0000 2020,0.5,0.5,Positive
146,147,Discover how a diverse team of dedicated experts came together to build one of the world's most successful contact‚Ä¶ https://t.co/jI0VTFo58z,"Tramore, Ireland",Tue Jul 14 09:49:39 +0000 2020,0.75,0.95,Very Positive
147,148,"These #COVID19Apps lack information on #DataProtection ‚Äî #DataAnonymisation, the security measures they deploy, and‚Ä¶ https://t.co/MsqEZ8kdgS",India,Tue Jul 14 09:38:32 +0000 2020,0.0,0.0,Neutral
148,149,All the #COVID19Apps by state governments that were studied collect data beyond the scope of their intended purpose‚Ä¶ https://t.co/YV3GwBooSs,India,Tue Jul 14 09:35:00 +0000 2020,0.0,0.0,Neutral
149,150,"While there has been considerable focus on #AarogyaSetu, several state governments have launched their own‚Ä¶ https://t.co/fonVFUlrjc",India,Tue Jul 14 09:30:00 +0000 2020,0.05,0.225,Positive
150,151,"There are two ways to download the #CovidTracker app. 

1: Go to https://t.co/nyuuon76Wx on your phone and follow t‚Ä¶ https://t.co/UYbUyOfnTY",Sport Ireland Campus,Tue Jul 14 08:18:38 +0000 2020,0.0,0.0,Neutral
151,152,"#CoronavirusUpdates: Tally crosses 9-lakh mark, lockdown begins in Bengaluru, WHO warns the situation could get wor‚Ä¶ https://t.co/yQUEmOeWDW",India,Tue Jul 14 08:00:22 +0000 2020,0.0,0.0,Neutral
152,153,"#DailyUpdates #IndiaFightsCoronavirus  

Visit ORF's #COVIDTracker: https://t.co/GhpmKnVzxf

State-wise distributio‚Ä¶ https://t.co/eMozuCPE99",India,Tue Jul 14 07:06:04 +0000 2020,0.0,0.0,Neutral
153,154,"We are pleased to announce that Nitin Gandhi, has created: How to make a COVID-19 Tracker App with graphs using Goo‚Ä¶ https://t.co/eMaqbmAGMe","Stanford, CA",Tue Jul 14 04:17:32 +0000 2020,0.5,1.0,Positive
154,155,Words to #see by...Sometimes you‚Äôve got to tell it like it is to make your point. People seem to always prefer a He‚Ä¶ https://t.co/qGLQPE8GwS,Maui - Los Angeles - Chicago,Tue Jul 14 03:04:04 +0000 2020,0.0,0.0,Neutral
155,156,"Up until yesterday, only
1% had symptoms. Takes 2 wks for the virus to show symptoms.

2 wks ago the pubs reopened.‚Ä¶ https://t.co/6GslA3lFq9",Dubberlin,Tue Jul 14 02:40:03 +0000 2020,0.0,0.0,Neutral
156,157,"So the CovidSafe app doesn‚Äôt work?
I am shocked! ‚Äî so who was the jerk
Who sprayed all the cash
And bruited the has‚Ä¶ https://t.co/BcunOn6zVZ",,Tue Jul 14 00:17:10 +0000 2020,-0.7,0.8,Very Negative
157,158,"Donald Trump is Not the Only One Who Wants to 'Reopen America', It's Mostly Bots on Twitter #TrumpBodyCount‚Ä¶ https://t.co/ZoX4XSPIJi",The World ,Mon Jul 13 23:49:36 +0000 2020,0.35,0.3,Positive
158,159,"Trying to understand how tracing apps work can be a significant challenge. 

That‚Äôs why we put together this Non-Te‚Ä¶ https://t.co/VFSVxIFFw4","Tramore, Ireland",Mon Jul 13 20:46:01 +0000 2020,0.375,0.875,Positive
159,160,Is anyone else getting the same alert from the COVID tracker Ireland app? #Covid_19 #covidtrackerireland‚Ä¶ https://t.co/uLNgkqNyEG,"Meath, Ireland",Mon Jul 13 19:35:41 +0000 2020,0.0,0.0,Neutral
160,161,"#COVID19Ireland update, 13 July:

25,638 (+11) total cases.

Thankfully, for the second day, no new coronavirus-rel‚Ä¶ https://t.co/hoLDrjgnEO",Ireland,Mon Jul 13 18:18:14 +0000 2020,0.04545454545454545,0.40151515151515155,Positive
161,162,@JoeBiden Please read below this is from a friend in Sacramento and also know of 2 ladies in Napa with same scenari‚Ä¶ https://t.co/PLPxQ000af,"Woodland,CA",Mon Jul 13 17:19:52 +0000 2020,0.0,0.0,Neutral
162,163,"Mondays #Covid_19 #COVIDTracker  fatalities, on the low side as hospital registrars don't work weekend, so spike Tu‚Ä¶ https://t.co/odQIKrydPc","South East, England",Mon Jul 13 17:11:10 +0000 2020,0.0,0.3,Neutral
163,164,@HSELive The COVID Tracker app is now available to download. It will help in the fight against coronavirus. Play yo‚Ä¶ https://t.co/X0b11n73bA,Ireland,Mon Jul 13 14:25:45 +0000 2020,0.4,0.4,Positive
164,165,"Mental health and Work from home‚¨á

https://t.co/GN2eVHm8EL
.
.
Follow us on Instagram:¬†https://t.co/F5J8ikgDju
.
.‚Ä¶ https://t.co/5kGh19JSKR","Bengaluru, India",Mon Jul 13 14:21:41 +0000 2020,-0.1,0.2,Negative
165,166,The COVID Tracker app is now available to download. It will help in the fight against coronavirus. Play your part i‚Ä¶ https://t.co/eBMFYGlVAO,Ireland,Mon Jul 13 13:36:18 +0000 2020,0.4,0.4,Positive
166,167,Covid tracker #covidtracker @ Dunshaughlin https://t.co/do9M44Bnlq,"Drumree, Co. Meath, Ireland",Mon Jul 13 13:34:27 +0000 2020,0.0,0.0,Neutral
167,168,Covid tracker #covidtracker @ Dunshaughlin https://t.co/CHJy4htDSw,"Drumree, Co. Meath, Ireland",Mon Jul 13 13:34:03 +0000 2020,0.0,0.0,Neutral
168,169,"There are two ways to download the #CovidTracker app

1: Go to https://t.co/nyuuomPvxX on your phone and follow the‚Ä¶ https://t.co/AswMZdz4C2",Sport Ireland Campus,Mon Jul 13 13:29:00 +0000 2020,0.0,0.0,Neutral
169,170,"While in April only 17% of Kenyans were borrowing, recent data from #COVID19tracker, indicates an increase in borro‚Ä¶ https://t.co/TJqjoyWzVR","Nairobi, Kenya",Mon Jul 13 13:02:44 +0000 2020,0.0,0.25,Neutral
170,171,Using the #covidtracker app along with the existing public health measures will help us all #staysafe when we meet‚Ä¶ https://t.co/QX6QXdZTfh,County Hall  Tallaght Ireland,Mon Jul 13 13:00:11 +0000 2020,0.0,0.06666666666666667,Neutral
171,172,"#DailyUpdate

‚û™ Number of Daily Cases and Deaths in India (Seven day average)

Visit ORF's #COVIDTracker:‚Ä¶ https://t.co/feiErvdaHU",India,Mon Jul 13 11:40:55 +0000 2020,-0.075,0.19999999999999998,Negative
172,173,"#DailyUpdate

‚û™ Trend of India #COVID19 deaths since the 1000th death

‚û™ Total number of cases in the Indian region‚Ä¶ https://t.co/MKZDLP2wa6",India,Mon Jul 13 11:39:10 +0000 2020,0.0,0.75,Neutral
173,174,"#DailyUpdate
‚û™ COVID testing: Positivity rate of infections

‚û™ COVID death rate: Ratio of Total Deaths to Overall C‚Ä¶ https://t.co/p8X6ir96MK",India,Mon Jul 13 11:36:24 +0000 2020,0.0,0.375,Neutral
174,175,"Tracking five Indian states that have the most #COVID19 infections.

#CoronaTracker #DailyUpdates‚Ä¶ https://t.co/QmUSKOWRl6",India,Mon Jul 13 11:19:06 +0000 2020,0.0,0.0,Neutral
175,176,"The 10 countries that have recorded highest #COVID19 cases in the world. 

Brazil, with 1,866,176 cases, remains th‚Ä¶ https://t.co/8GahfK9pwL",India,Mon Jul 13 11:18:37 +0000 2020,0.0,0.0,Neutral
176,177,"Confirmed #COVID19 cases of top 10 African countries.

#DailyUpdates

For more facts, figures and perspectives from‚Ä¶ https://t.co/5wjU6r0Qxg",India,Mon Jul 13 11:17:20 +0000 2020,0.3,0.5,Positive
177,178,"#DailyUpdates 

#COVID19 cases in #Africa  

Region wise confirmed #COVID19 cases in Africa are:

‚ñ∂ #NorthAfrica 12‚Ä¶ https://t.co/QMHE505m6X",India,Mon Jul 13 11:16:52 +0000 2020,0.55,0.95,Very Positive
178,179,"Ten Indian states that have done the highest #COVID19 testing.

#CoronaTracker #DailyUpdates‚Ä¶ https://t.co/W8Tzna1lZn",India,Mon Jul 13 11:15:15 +0000 2020,0.0,0.0,Neutral
179,180,"Confirmed #COVID19 cases in the Indian subcontinent.

#DailyUpdates

For more compelling facts, figures and perspec‚Ä¶ https://t.co/pe84mUjfWK",India,Mon Jul 13 11:13:59 +0000 2020,0.35,0.8,Positive
180,181,#Mobilemoney is the most common mode of sending money for Kenyans. 68% have used mobile money during #COVID19. Thes‚Ä¶ https://t.co/7D3hxaZIvH,"Nairobi, Kenya",Mon Jul 13 10:18:09 +0000 2020,-0.3,0.5,Negative
181,182,Just checked-in on my #CovidTracker app. All good for me. Have you checked-in yet? https://t.co/gYAOaQdwn6,Stoneybatter,Mon Jul 13 10:03:43 +0000 2020,0.7,0.6000000000000001,Very Positive
182,183,#Sewer systems provide clues to the virus that causes #covƒ±d19. Scientists from @RAINincubator out of #Tacoma WA ar‚Ä¶ https://t.co/cGjyz16LM9,"Freehold, NJ",Mon Jul 13 09:56:17 +0000 2020,0.0,0.0,Neutral
183,184,Friendly neighborhood reminder that if you haven‚Äôt already you should download #CovidTracker  https://t.co/d42MvkQhSO,‚ôë Tropic of Capricorn,Mon Jul 13 08:30:07 +0000 2020,0.375,0.5,Positive
184,185,"#CoronavirusUpdate: India tally at over 8.78 lakh, active cases cross 3-lakh mark, Bengal records its single-bigges‚Ä¶ https://t.co/PEr6rJO5D8",India,Mon Jul 13 07:14:09 +0000 2020,-0.06666666666666667,0.3,Negative
185,186,"#DailyUpdates #IndiaFightsCoronavirus  

Visit ORF's #COVIDTracker: https://t.co/GhpmKnVzxf

State-wise distributio‚Ä¶ https://t.co/CRaW2tNlJf",India,Mon Jul 13 05:31:52 +0000 2020,0.0,0.0,Neutral
186,187,"RonLi COVID19 Tracker‚¨á

https://t.co/c3v0Im81bZ
.
.
Follow us on Instagram:¬†https://t.co/F5J8ikgDju
.
.
#covid19‚Ä¶ https://t.co/AtxuQga7U0","Bengaluru, India",Mon Jul 13 04:50:54 +0000 2020,0.0,0.0,Neutral
187,188,"Remember, everything you‚Äôve seen in media is #PredictiveProgramming. #CovidTracker #testing https://t.co/ls4JbweeSs",,Sun Jul 12 21:20:53 +0000 2020,0.0,0.0,Neutral
188,189,"#COVID19Ireland update, 12 July:

25,628 (+17) total cases.

Thankfully, no new coronavirus-related deaths have bee‚Ä¶ https://t.co/TVxtdyGsu8",Ireland,Sun Jul 12 16:53:37 +0000 2020,0.06818181818181818,0.6022727272727273,Positive
189,190,"If you've yet to install the #CovidTracker
App, please do it. Covid cases have already been discovered because of i‚Ä¶ https://t.co/9BJh3EjNoi","Dublin, Ireland",Sun Jul 12 15:15:05 +0000 2020,0.0,0.0,Neutral
190,191,"Won't let me upload the full video 
Mike Oldfield Wrote the üéµ for the Exorcist too üëáüëÄ WAKE UP üá∫üá≤üåè
#CovidHoax‚Ä¶ https://t.co/j2earKTQrr",WhereEverIWant2B,Sun Jul 12 13:56:29 +0000 2020,0.35,0.55,Positive
191,192,Covid tracker #covidtracker @ Dunshaughlin https://t.co/fXu0GjGKPG,"Drumree, Co. Meath, Ireland",Sun Jul 12 13:47:29 +0000 2020,0.0,0.0,Neutral
192,193,Covid tracker #covidtracker @ Dunshaughlin https://t.co/gQ6Htm370g,"Drumree, Co. Meath, Ireland",Sun Jul 12 13:47:08 +0000 2020,0.0,0.0,Neutral
193,194,Covid tracker #covidtracker @ Dunshaughlin https://t.co/PAyx8AuUgN,"Drumree, Co. Meath, Ireland",Sun Jul 12 13:46:06 +0000 2020,0.0,0.0,Neutral
194,195,"There are two ways to download the #CovidTracker app

1: Go to https://t.co/nyuuomPvxX on your phone and follow the‚Ä¶ https://t.co/iLsu8MBbDa",Sport Ireland Campus,Sun Jul 12 10:59:00 +0000 2020,0.0,0.0,Neutral
195,196,Why would my #covidtracker be back to installing stage this morning? #hse,"Cork, Ireland",Sun Jul 12 10:40:44 +0000 2020,0.0,0.0,Neutral
196,197,"The 10 countries that have recorded highest #COVID19 cases in the world. 

USA, with 3,355,646 cases, remains the m‚Ä¶ https://t.co/HozZP1BvKA",India,Sun Jul 12 09:07:50 +0000 2020,0.0,0.0,Neutral
197,198,"Confirmed #COVID19 cases of top 10 African countries.

#DailyUpdates

For more facts, figures and perspectives from‚Ä¶ https://t.co/De77q6Q8a9",India,Sun Jul 12 09:05:14 +0000 2020,0.3,0.5,Positive
198,199,"#DailyUpdates 

#COVID19 cases in #Africa  

Region wise confirmed #COVID19 cases in Africa are:

‚ñ∂ #NorthAfrica 12‚Ä¶ https://t.co/B76V7koQEL",India,Sun Jul 12 09:04:43 +0000 2020,0.55,0.95,Very Positive
199,200,"Tracking five Indian states that have the most #COVID19 infections.

#CoronaTracker #DailyUpdates‚Ä¶ https://t.co/kjVEns8AG6",India,Sun Jul 12 09:03:09 +0000 2020,0.0,0.0,Neutral
200,201,"Confirmed #COVID19 cases in the Indian subcontinent.

#DailyUpdates

For more compelling facts, figures and perspec‚Ä¶ https://t.co/KETAWzOJjB",India,Sun Jul 12 09:02:35 +0000 2020,0.35,0.8,Positive
201,202,"#DailyUpdates #IndiaFightsCoronavirus  

Visit ORF's #COVIDTracker: https://t.co/GhpmKnVzxf

State-wise distributio‚Ä¶ https://t.co/7LXGEffsS7",India,Sun Jul 12 06:39:10 +0000 2020,0.0,0.0,Neutral
202,203,Is this because people don‚Äôt have a specific feature turned off?  #COVID19 #CovidTracker ?  #tracking ? https://t.co/oJ6FlW6C82,"Texas, USA",Sun Jul 12 04:33:23 +0000 2020,0.0,0.125,Neutral
203,204,"1 million registrations, 3 million to go. Let's beat this virus. #CovidTracker
#Ireland https://t.co/PiJ19z2okm","Dublin, Ireland",Sat Jul 11 21:16:18 +0000 2020,0.0,0.0,Neutral
204,205,"By now, we're all sick of hearing about #Covid-19, but this is a witty retro public service announcement that will‚Ä¶ https://t.co/Wvo2K9tmdH",,Sat Jul 11 20:54:14 +0000 2020,-0.07142857142857144,0.6412698412698413,Negative
205,206,#coronavirus is not a #hoax. #COVID__19 is real. #WearAMask  before it his you and you family. #VirusCorona is real‚Ä¶ https://t.co/XfobQZfiUL,Where I want to be.,Sat Jul 11 20:15:25 +0000 2020,0.2,0.30000000000000004,Positive
206,207,Have you downloaded the new #CovidTracker app?  It is another tool we have to continue to suppress #COVID19. You ca‚Ä¶ https://t.co/8bnax4DZLV,County Hall  Tallaght Ireland,Sat Jul 11 20:00:10 +0000 2020,0.13636363636363635,0.45454545454545453,Positive
207,208,NL-Alert¬†is a¬†Cell Broadcast¬†alarm system¬†in use by the¬†gov to quickly alert &amp; inform citizens of hazardous or cris‚Ä¶ https://t.co/CY8PNUHBKD,"New Delhi, India",Sat Jul 11 19:09:16 +0000 2020,0.4666666666666667,0.7,Positive
208,209,Online Meeting brings exclusive insights and inspirational speakers to discuss about the latest research‚Äôs &amp; trends‚Ä¶ https://t.co/hIRtxcrGnR,"London, UK",Sat Jul 11 18:38:35 +0000 2020,0.5,0.95,Positive
209,210,After chinese app banned in India..my nephew has develop his own app to discover Corona..#MustWatch #Corona‚Ä¶ https://t.co/6cDXwKXtNk,sambalpur,Sat Jul 11 17:22:12 +0000 2020,0.0,0.0,Neutral
210,211,"#COVID19Ireland update, 11 July:

25,611 (+23) total cases.

Sadly, two more people with coronavirus have died. The‚Ä¶ https://t.co/08EVvPYAwY",Ireland,Sat Jul 11 17:10:06 +0000 2020,-0.25,0.875,Negative
211,212,Latest update on staying safe as we ease slowly out of lockdown from the JoinZoe team &amp; friends‚Ä¶ https://t.co/xiso7AD7ca,"Norfolk, UK",Sat Jul 11 16:57:53 +0000 2020,0.2333333333333333,0.6,Positive
212,213,I'm curious.. Is there a reason I can't engine search for China? ü§î Looking for some data... #CovidTracker‚Ä¶ https://t.co/624edpY8iK,Everywhere,Sat Jul 11 16:44:53 +0000 2020,-0.1,1.0,Negative
213,214,Did you install the Alberta Tracking app on your phone? Why? Why not? Just curious if anyone is actually using it.‚Ä¶ https://t.co/YpSKrfpwWi,"Calgary, AB",Sat Jul 11 15:19:37 +0000 2020,-0.05,0.55,Negative
214,215,"A simple reason why you should wear a mask...!!

#COVID__19 #CovidTracker  #health @H_S_E @safetyphoto #mask‚Ä¶ https://t.co/N46AWXF3JD","Perthshire, Scotland, GB",Sat Jul 11 14:51:04 +0000 2020,0.0,0.35714285714285715,Neutral
215,216,"Tracking top 10 Indian states with the most #COVID19 confirmed cases.

#CoronaTracker #DailyUpdates‚Ä¶ https://t.co/ffpnJ5mEt5",India,Sat Jul 11 11:42:21 +0000 2020,0.45,0.75,Positive
216,217,"The 10 countries that have recorded highest #COVID19 cases in the world. 

India, with 823,471 cases, is the 3rd mo‚Ä¶ https://t.co/yeM1C1o8kl",India,Sat Jul 11 11:41:28 +0000 2020,0.0,0.0,Neutral
217,218,"Confirmed #COVID19 cases of top 10 African countries.

#DailyUpdates

For more facts, figures and perspectives from‚Ä¶ https://t.co/SvFM2TI0FO",India,Sat Jul 11 11:40:27 +0000 2020,0.3,0.5,Positive
218,219,"#DailyUpdates 

#COVID19 cases in #Africa  

Region wise confirmed #COVID19 cases in Africa are:

‚ñ∂ #NorthAfrica 11‚Ä¶ https://t.co/3vDxBGyqZc",India,Sat Jul 11 11:39:50 +0000 2020,0.55,0.95,Very Positive
219,220,"Confirmed #COVID19 cases in the Indian subcontinent.

#DailyUpdates

For more compelling facts, figures and perspec‚Ä¶ https://t.co/ifyQcS2EEr",India,Sat Jul 11 11:38:23 +0000 2020,0.35,0.8,Positive
220,221,"#DailyUpdate

‚û™ Trend of India #COVID19 Deaths since the 100th case

‚û™ Total number of cases in the Indian region s‚Ä¶ https://t.co/dgbj1VONcx",India,Sat Jul 11 11:37:36 +0000 2020,0.0,0.75,Neutral
221,222,"#DailyUpdate
‚û™ #COVID19 tests per mn vs deaths per mn (Top 10 African countries based on confirmed cases)

‚û™‚Ä¶ https://t.co/gdVbEnyXmH",India,Sat Jul 11 11:35:34 +0000 2020,0.3,0.5,Positive
222,223,"#DailyUpdate
‚û™ COVID testing: Positivity rate of infections

‚û™ COVID death rate: Ratio of Total Deaths to Overall C‚Ä¶ https://t.co/ITu6H56dQ8",India,Sat Jul 11 11:35:33 +0000 2020,0.0,0.375,Neutral
223,224,#COVIDTracker is a free app for your mobile phone. It will help us to protect each other and slow the spread of‚Ä¶ https://t.co/MRfcfPaxBa,Municipal District of Bray,Sat Jul 11 11:30:13 +0000 2020,0.04999999999999999,0.6,Positive
224,225,Really loving the newest feature of the #CovidTracker app - every day it updates to which party Stephen Donnelly is‚Ä¶ https://t.co/H02XF8bLR4,"Dublin City, Ireland",Sat Jul 11 10:51:58 +0000 2020,0.6,0.95,Very Positive
225,226,@greenparty_ie @EamonRyan @cathmartingreen @EamonRyan has promoted #CovidTracker. Less support from‚Ä¶ https://t.co/7PwdoOwkFA,Ireland,Sat Jul 11 10:43:16 +0000 2020,-0.16666666666666666,0.06666666666666667,Negative
